Designator,Footprint,Quantity,Value,LCSC Part #
"CARRIER1-R2, CARRIER1-R32, CARRIER2-R2, CARRIER2-R32, CARRIER3-R2, CARRIER3-R32, CARRIER4-R2, CARRIER4-R32, CARRIER5-R2, CARRIER5-R32, CARRIER6-R2, CARRIER6-R32",0603,12,100R,C22775
"BACKPLANE1-R16, BACKPLANE1-R17, BACKPLANE1-R26, BACKPLANE1-R27, BACKPLANE1-R34, BACKPLANE1-R35",0603,6,100k,C14675
"CARRIER1-R10, CARRIER1-R31, CARRIER2-R10, CARRIER2-R31, CARRIER3-R10, CARRIER3-R31, CARRIER4-R10, CARRIER4-R31, CARRIER5-R10, CARRIER5-R31, CARRIER6-R10, CARRIER6-R31",0603,12,100k,C25803
"BACKPLANE1-C2, CARRIER1-C10, CARRIER1-C11, CARRIER1-C12, CARRIER1-C14, CARRIER1-C15, CARRIER1-C16, CARRIER1-C17, CARRIER1-C18, CARRIER1-C9, CARRIER2-C10, CARRIER2-C11, CARRIER2-C12, CARRIER2-C14, CARRIER2-C15, CARRIER2-C16, CARRIER2-C17, CARRIER2-C18, CARRIER2-C9, CARRIER3-C10, CARRIER3-C11, CARRIER3-C12, CARRIER3-C14, CARRIER3-C15, CARRIER3-C16, CARRIER3-C17, CARRIER3-C18, CARRIER3-C9, CARRIER4-C10, CARRIER4-C11, CARRIER4-C12, CARRIER4-C14, CARRIER4-C15, CARRIER4-C16, CARRIER4-C17, CARRIER4-C18, CARRIER4-C9, CARRIER5-C10, CARRIER5-C11, CARRIER5-C12, CARRIER5-C14, CARRIER5-C15, CARRIER5-C16, CARRIER5-C17, CARRIER5-C18, CARRIER5-C9, CARRIER6-C10, CARRIER6-C11, CARRIER6-C12, CARRIER6-C14, CARRIER6-C15, CARRIER6-C16, CARRIER6-C17, CARRIER6-C18, CARRIER6-C9",0603,55,100nF,C14663
BACKPLANE1-C1,0603,1,100nF 100V,C113803
"CARRIER1-R17, CARRIER1-R18, CARRIER2-R17, CARRIER2-R18, CARRIER3-R17, CARRIER3-R18, CARRIER4-R17, CARRIER4-R18, CARRIER5-R17, CARRIER5-R18, CARRIER6-R17, CARRIER6-R18",0603,12,10R,C22859
"BACKPLANE1-R18, BACKPLANE1-R19, BACKPLANE1-R28, BACKPLANE1-R29, BACKPLANE1-R36, BACKPLANE1-R37, CARRIER1-R11, CARRIER1-R16, CARRIER1-R19, CARRIER1-R28, CARRIER1-R30, CARRIER2-R11, CARRIER2-R16, CARRIER2-R19, CARRIER2-R28, CARRIER2-R30, CARRIER3-R11, CARRIER3-R16, CARRIER3-R19, CARRIER3-R28, CARRIER3-R30, CARRIER4-R11, CARRIER4-R16, CARRIER4-R19, CARRIER4-R28, CARRIER4-R30, CARRIER5-R11, CARRIER5-R16, CARRIER5-R19, CARRIER5-R28, CARRIER5-R30, CARRIER6-R11, CARRIER6-R16, CARRIER6-R19, CARRIER6-R28, CARRIER6-R30",0603,36,10k,C25804
"CARRIER1-R13, CARRIER1-R15, CARRIER1-R4, CARRIER1-R6, CARRIER1-R8, CARRIER2-R13, CARRIER2-R15, CARRIER2-R4, CARRIER2-R6, CARRIER2-R8, CARRIER3-R13, CARRIER3-R15, CARRIER3-R4, CARRIER3-R6, CARRIER3-R8, CARRIER4-R13, CARRIER4-R15, CARRIER4-R4, CARRIER4-R6, CARRIER4-R8, CARRIER5-R13, CARRIER5-R15, CARRIER5-R4, CARRIER5-R6, CARRIER5-R8, CARRIER6-R13, CARRIER6-R15, CARRIER6-R4, CARRIER6-R6, CARRIER6-R8",0603,30,110k 1%,C25805
"CARRIER1-R26, CARRIER2-R26, CARRIER3-R26, CARRIER4-R26, CARRIER5-R26, CARRIER6-R26",0603,6,120R 1%,C22787
"CARRIER1-R5, CARRIER2-R5, CARRIER3-R5, CARRIER4-R5, CARRIER5-R5, CARRIER6-R5",0603,6,18k 1%,C25810
"BACKPLANE1-R14, BACKPLANE1-R15, BACKPLANE1-R24, BACKPLANE1-R25, BACKPLANE1-R32, BACKPLANE1-R33",0603,6,1k,C22548
"CARRIER1-R24, CARRIER1-R25, CARRIER2-R24, CARRIER2-R25, CARRIER3-R24, CARRIER3-R25, CARRIER4-R24, CARRIER4-R25, CARRIER5-R24, CARRIER5-R25, CARRIER6-R24, CARRIER6-R25",0603,12,2.2k,C4190
"CARRIER1-C5, CARRIER1-C6, CARRIER2-C5, CARRIER2-C6, CARRIER3-C5, CARRIER3-C6, CARRIER4-C5, CARRIER4-C6, CARRIER5-C5, CARRIER5-C6, CARRIER6-C5, CARRIER6-C6",0603,12,2.2nF 50V,C1604
"CARRIER1-C7, CARRIER2-C7, CARRIER3-C7, CARRIER4-C7, CARRIER5-C7, CARRIER6-C7",0603,6,220pF,C106210
"CARRIER1-R12, CARRIER2-R12, CARRIER3-R12, CARRIER4-R12, CARRIER5-R12, CARRIER6-R12",0603,6,27k 1%,C22967
"CARRIER1-R3, CARRIER1-R9, CARRIER2-R3, CARRIER2-R9, CARRIER3-R3, CARRIER3-R9, CARRIER4-R3, CARRIER4-R9, CARRIER5-R3, CARRIER5-R9, CARRIER6-R3, CARRIER6-R9",0603,12,36k 1%,C23147
"BACKPLANE1-R1, BACKPLANE1-R10, BACKPLANE1-R11, BACKPLANE1-R12, BACKPLANE1-R13, BACKPLANE1-R2, BACKPLANE1-R22, BACKPLANE1-R23, BACKPLANE1-R3, BACKPLANE1-R4, BACKPLANE1-R5, BACKPLANE1-R6, BACKPLANE1-R7, BACKPLANE1-R8, BACKPLANE1-R9",0603,15,4.7k 1%,C99782
"CARRIER1-C13, CARRIER2-C13, CARRIER3-C13, CARRIER4-C13, CARRIER5-C13, CARRIER6-C13",0603,6,4.7uF,C19666
"CARRIER1-R7, CARRIER2-R7, CARRIER3-R7, CARRIER4-R7, CARRIER5-R7, CARRIER6-R7",0603,6,5.1k 1%,C23186
"CARRIER1-R14, CARRIER2-R14, CARRIER3-R14, CARRIER4-R14, CARRIER5-R14, CARRIER6-R14",0603,6,62k 1%,C23221
"CARRIER1-C2, CARRIER2-C2, CARRIER3-C2, CARRIER4-C2, CARRIER5-C2, CARRIER6-C2",0603,6,680nF,C24797
"CARRIER1-C8, CARRIER2-C8, CARRIER3-C8, CARRIER4-C8, CARRIER5-C8, CARRIER6-C8",0805,6,22uF 25V,C45783
"BACKPLANE1-R20, BACKPLANE1-R21, BACKPLANE1-R30, BACKPLANE1-R31, BACKPLANE1-R38, BACKPLANE1-R39",1206,6,10k,C17902
"CARRIER1-C1, CARRIER2-C1, CARRIER3-C1, CARRIER4-C1, CARRIER5-C1, CARRIER6-C1",1206,6,1uF 100V,C13832
"CARRIER1-C3, CARRIER1-C4, CARRIER2-C3, CARRIER2-C4, CARRIER3-C3, CARRIER3-C4, CARRIER4-C3, CARRIER4-C4, CARRIER5-C3, CARRIER5-C4, CARRIER6-C3, CARRIER6-C4",1210,12,2.2uF 100V,C55151
"CARRIER1-R1, CARRIER2-R1, CARRIER3-R1, CARRIER4-R1, CARRIER5-R1, CARRIER6-R1",2512,6,6mR 1% 3W,C2985709
"CARRIER1-D1, CARRIER2-D1, CARRIER3-D1, CARRIER4-D1, CARRIER5-D1, CARRIER6-D1",D_SMC,6,SMCJ48A,C19077611
"BACKPLANE1-D10, BACKPLANE1-D11, BACKPLANE1-D12, BACKPLANE1-D7, BACKPLANE1-D8, BACKPLANE1-D9",D_SOD-123,6,BZT52C12-7-F,C124196
"CARRIER1-LED1, CARRIER2-LED1, CARRIER3-LED1, CARRIER4-LED1, CARRIER5-LED1, CARRIER6-LED1",LED_WS2812B-2020_PLCC4_2.0x2.0mm,6,WS2812B-2020-V6,C52917434
"CARRIER1-L3, CARRIER2-L3, CARRIER3-L3, CARRIER4-L3, CARRIER5-L3, CARRIER6-L3",L_CommonModeChoke_TDK_ACT1210D,6,ACT1210D-101-2P-TL00,C3039743
"CARRIER1-L1, CARRIER2-L1, CARRIER3-L1, CARRIER4-L1, CARRIER5-L1, CARRIER6-L1",L_Sunlord_SWPA8040S,6,68μH,C36418
"CARRIER1-U3, CARRIER2-U3, CARRIER3-U3, CARRIER4-U3, CARRIER5-U3, CARRIER6-U3",MSOP-10_3x3mm_P0.5mm_0.20mm_Clearance,6,LMX5069MS,C47967145
"CARRIER1-U1, CARRIER2-U1, CARRIER3-U1, CARRIER4-U1, CARRIER5-U1, CARRIER6-U1",QFN-28_4x4mm_P0.5mm,6,STM32C092GCU6,C44847705
"CARRIER1-U5, CARRIER2-U5, CARRIER3-U5, CARRIER4-U5, CARRIER5-U5, CARRIER6-U5",SOIC-8_3.9x4.9mm_P1.27mm,6,TCAN3413DR,C22433320
"CARRIER1-Q2, CARRIER1-Q3, CARRIER2-Q2, CARRIER2-Q3, CARRIER3-Q2, CARRIER3-Q3, CARRIER4-Q2, CARRIER4-Q3, CARRIER5-Q2, CARRIER5-Q3, CARRIER6-Q2, CARRIER6-Q3",SOT-23,12,2N7002,C8545
"BACKPLANE1-Q1, BACKPLANE1-Q10, BACKPLANE1-Q2, BACKPLANE1-Q5, BACKPLANE1-Q6, BACKPLANE1-Q9",SOT-23,6,BSS123,C513249
"CARRIER1-D2, CARRIER2-D2, CARRIER3-D2, CARRIER4-D2, CARRIER5-D2, CARRIER6-D2",SOT-23,6,PESD2CANFD27V-TR,C552488
"BACKPLANE1-D1, BACKPLANE1-D2, BACKPLANE1-D3, BACKPLANE1-D4, BACKPLANE1-D5, BACKPLANE1-D6",SOT-23,6,"PESD5V0S2BT,215",C49338
"CARRIER1-U2, CARRIER2-U2, CARRIER3-U2, CARRIER4-U2, CARRIER5-U2, CARRIER6-U2",TI_SO-PowerPAD-8,6,LM5163DDAR,C2873264
"BACKPLANE1-Q11, BACKPLANE1-Q12, BACKPLANE1-Q3, BACKPLANE1-Q4, BACKPLANE1-Q7, BACKPLANE1-Q8",TO-252-3_TabPin2,6,SQD50P06-15L_GE3,C3281500
"CARRIER1-Q1, CARRIER2-Q1, CARRIER3-Q1, CARRIER4-Q1, CARRIER5-Q1, CARRIER6-Q1",TO-263-3_TabPin2,6,IPB020N10N5LF,C536484
"CARRIER1-U4, CARRIER2-U4, CARRIER3-U4, CARRIER4-U4, CARRIER5-U4, CARRIER6-U4",TSSOP-10_3x3mm_P0.5mm,6,INA237AIDGSR,C2864837
BACKPLANE1-U2,TSSOP-16_4.4x5mm_P0.65mm,1,PCA9554PWR,C2873588
BACKPLANE1-U1,TSSOP-24_4.4x7.8mm_P0.65mm,1,TCA9548APWR,C130026
