Designator,Mid X,Mid Y,Rotation,Layer
BACKPLANE1-C1,40.730000,-170.865000,0.000000,bottom
BACKPLANE1-C10,41.580000,-104.615000,0.000000,bottom
BACKPLANE1-C11,41.580000,-102.405000,0.000000,bottom
BACKPLANE1-C12,36.275000,-118.090000,90.000000,bottom
BACKPLANE1-C13,39.413333,-118.090000,-90.000000,bottom
BACKPLANE1-C14,41.550000,-140.405000,0.000000,bottom
BACKPLANE1-C15,37.554645,-177.430651,90.000000,bottom
BACKPLANE1-C16,40.196952,-179.975583,180.000000,bottom
BACKPLANE1-C17,23.025000,-71.425338,-90.000000,bottom
BACKPLANE1-C18,21.422704,-71.425338,-90.000000,bottom
BACKPLANE1-C19,22.177704,-73.755338,0.000000,bottom
BACKPLANE1-C2,40.730000,-167.605000,0.000000,bottom
BACKPLANE1-C20,20.358851,-173.494014,-90.000000,bottom
BACKPLANE1-C21,17.638676,-85.880397,0.000000,bottom
BACKPLANE1-C3,41.770000,-156.943750,0.000000,bottom
BACKPLANE1-C4,41.550000,-142.615000,0.000000,bottom
BACKPLANE1-C5,36.275000,-156.090000,90.000000,bottom
BACKPLANE1-C6,39.413333,-156.090000,-90.000000,bottom
BACKPLANE1-C7,40.730000,-132.865000,0.000000,bottom
BACKPLANE1-C8,40.730000,-129.605000,0.000000,bottom
BACKPLANE1-C9,41.770000,-118.943750,0.000000,bottom
BACKPLANE1-D1,17.912989,-179.099614,90.000000,bottom
BACKPLANE1-J8,29.930000,-190.035000,0.000000,bottom
BACKPLANE1-L1,39.000000,-149.035000,90.000000,bottom
BACKPLANE1-L2,39.000000,-111.035000,90.000000,bottom
BACKPLANE1-L3,17.912989,-174.214014,-90.000000,bottom
BACKPLANE1-LED1,17.408676,-83.408984,-90.000000,bottom
BACKPLANE1-Q1,22.460000,-52.367500,90.000000,bottom
BACKPLANE1-Q2,26.130000,-53.305000,180.000000,bottom
BACKPLANE1-Q3,34.360000,-52.367500,90.000000,bottom
BACKPLANE1-Q4,38.050000,-53.305000,180.000000,bottom
BACKPLANE1-R1,36.740000,-164.337500,90.000000,bottom
BACKPLANE1-R10,41.360000,-100.475000,0.000000,bottom
BACKPLANE1-R11,37.554645,-180.489487,90.000000,bottom
BACKPLANE1-R12,37.554645,-174.371816,-90.000000,bottom
BACKPLANE1-R13,39.256790,-183.548322,-90.000000,bottom
BACKPLANE1-R14,40.908934,-183.548322,-90.000000,bottom
BACKPLANE1-R15,37.554645,-183.548322,-90.000000,bottom
BACKPLANE1-R17,20.431320,-61.983122,0.000000,bottom
BACKPLANE1-R18,22.460000,-55.175000,0.000000,bottom
BACKPLANE1-R19,28.937500,-53.305000,-90.000000,bottom
BACKPLANE1-R2,37.844167,-156.090000,-90.000000,bottom
BACKPLANE1-R20,22.275000,-67.853857,180.000000,bottom
BACKPLANE1-R21,34.360000,-55.245000,0.000000,bottom
BACKPLANE1-R22,41.010000,-53.185000,-90.000000,bottom
BACKPLANE1-R23,22.275000,-65.791889,180.000000,bottom
BACKPLANE1-R24,17.670000,-54.550000,90.000000,bottom
BACKPLANE1-R3,36.740000,-159.297500,-90.000000,bottom
BACKPLANE1-R4,41.770000,-155.340000,180.000000,bottom
BACKPLANE1-R6,36.740000,-126.337500,90.000000,bottom
BACKPLANE1-R7,37.844167,-118.090000,-90.000000,bottom
BACKPLANE1-R8,36.740000,-121.297500,-90.000000,bottom
BACKPLANE1-R9,41.770000,-117.340000,180.000000,bottom
BACKPLANE1-RSH1,33.250000,-177.522500,90.000000,bottom
BACKPLANE1-U1,17.221176,-72.130273,180.000000,bottom
BACKPLANE1-U2,40.385000,-161.817500,90.000000,bottom
BACKPLANE1-U3,40.385000,-123.817500,90.000000,bottom
BACKPLANE1-U4,40.153231,-176.004001,-90.000000,bottom
BACKPLANE1-U5,17.987989,-168.078966,-90.000000,bottom
CARRIER1-C1,74.555000,-32.110000,180.000000,top
CARRIER1-C10,78.760000,-25.630000,-90.000000,top
CARRIER1-C11,148.480000,-18.630000,180.000000,top
CARRIER1-C12,147.730000,-16.220000,-90.000000,top
CARRIER1-C13,149.430000,-16.220000,-90.000000,top
CARRIER1-C14,147.940000,-38.895000,-90.000000,top
CARRIER1-C15,80.265000,-17.715000,-90.000000,top
CARRIER1-C16,73.520000,-14.160000,0.000000,top
CARRIER1-C17,147.165000,-31.190000,180.000000,top
CARRIER1-C18,81.400000,-21.980000,0.000000,top
CARRIER1-C2,74.500000,-38.215000,90.000000,top
CARRIER1-C3,88.620000,-24.780000,180.000000,top
CARRIER1-C4,88.620000,-21.520000,180.000000,top
CARRIER1-C5,92.490000,-17.175000,180.000000,top
CARRIER1-C6,95.570000,-15.600000,0.000000,top
CARRIER1-C7,95.570000,-17.175000,0.000000,top
CARRIER1-C8,92.270000,-13.035000,-90.000000,top
CARRIER1-C9,82.471766,-20.323054,0.000000,top
CARRIER1-D1,70.690000,-25.990000,-90.000000,top
CARRIER1-D2,66.372500,-32.180000,0.000000,top
CARRIER1-L1,85.966766,-15.266882,180.000000,top
CARRIER1-L3,69.210000,-17.857500,0.000000,top
CARRIER1-LED1,151.390000,-20.260000,-90.000000,top
CARRIER1-Q1,85.780000,-33.785000,90.000000,top
CARRIER1-Q2,70.017500,-37.210000,90.000000,top
CARRIER1-Q3,70.017500,-42.530000,180.000000,top
CARRIER1-R1,76.030000,-25.577500,-90.000000,top
CARRIER1-R10,72.915000,-42.530000,90.000000,top
CARRIER1-R11,147.165000,-25.510000,180.000000,top
CARRIER1-R12,97.900000,-24.620000,90.000000,top
CARRIER1-R13,97.900000,-16.350000,-90.000000,top
CARRIER1-R14,97.900000,-19.580000,-90.000000,top
CARRIER1-R15,92.490000,-15.600000,0.000000,top
CARRIER1-R16,96.345000,-13.035000,90.000000,top
CARRIER1-R17,78.760000,-22.445000,90.000000,top
CARRIER1-R18,78.760000,-28.835000,90.000000,top
CARRIER1-R19,84.500000,-21.980000,0.000000,top
CARRIER1-R2,78.390000,-42.530000,-90.000000,top
CARRIER1-R24,147.165000,-27.480000,180.000000,top
CARRIER1-R25,147.165000,-23.540000,180.000000,top
CARRIER1-R26,67.120000,-14.450000,-90.000000,top
CARRIER1-R28,151.130000,-16.220000,-90.000000,top
CARRIER1-R3,76.650000,-42.530000,-90.000000,top
CARRIER1-R30,147.165000,-29.450000,180.000000,top
CARRIER1-R31,147.940000,-33.570000,-90.000000,top
CARRIER1-R32,149.255000,-21.040000,-90.000000,top
CARRIER1-R4,70.890000,-33.610000,-90.000000,top
CARRIER1-R5,72.915000,-38.215000,-90.000000,top
CARRIER1-R6,73.515000,-34.110000,0.000000,top
CARRIER1-R7,73.515000,-35.690000,0.000000,top
CARRIER1-R8,69.190000,-33.610000,-90.000000,top
CARRIER1-R9,70.017500,-39.985000,0.000000,top
CARRIER1-U1,142.877500,-16.640000,180.000000,top
CARRIER1-U2,94.350000,-22.100000,90.000000,top
CARRIER1-U3,77.612500,-36.780000,-90.000000,top
CARRIER1-U4,82.850000,-24.530000,180.000000,top
CARRIER1-U5,75.740000,-17.782500,180.000000,top
CARRIER2-C1,74.555000,-69.010000,180.000000,top
CARRIER2-C10,78.760000,-62.530000,-90.000000,top
CARRIER2-C11,148.480000,-55.530000,180.000000,top
CARRIER2-C12,147.730000,-53.120000,-90.000000,top
CARRIER2-C13,149.430000,-53.120000,-90.000000,top
CARRIER2-C14,147.940000,-75.795000,-90.000000,top
CARRIER2-C15,80.265000,-54.615000,-90.000000,top
CARRIER2-C16,73.520000,-51.060000,0.000000,top
CARRIER2-C17,147.165000,-68.090000,180.000000,top
CARRIER2-C18,81.400000,-58.880000,0.000000,top
CARRIER2-C2,74.500000,-75.115000,90.000000,top
CARRIER2-C3,88.620000,-61.680000,180.000000,top
CARRIER2-C4,88.620000,-58.420000,180.000000,top
CARRIER2-C5,92.490000,-54.075000,180.000000,top
CARRIER2-C6,95.570000,-52.500000,0.000000,top
CARRIER2-C7,95.570000,-54.075000,0.000000,top
CARRIER2-C8,92.270000,-49.935000,-90.000000,top
CARRIER2-C9,82.471766,-57.223054,0.000000,top
CARRIER2-D1,70.690000,-62.890000,-90.000000,top
CARRIER2-D2,66.372500,-69.080000,0.000000,top
CARRIER2-L1,85.966766,-52.166882,180.000000,top
CARRIER2-L3,69.210000,-54.757500,0.000000,top
CARRIER2-LED1,151.390000,-57.160000,-90.000000,top
CARRIER2-Q1,85.780000,-70.685000,90.000000,top
CARRIER2-Q2,70.017500,-74.110000,90.000000,top
CARRIER2-Q3,70.017500,-79.430000,180.000000,top
CARRIER2-R1,76.030000,-62.477500,-90.000000,top
CARRIER2-R10,72.915000,-79.430000,90.000000,top
CARRIER2-R11,147.165000,-62.410000,180.000000,top
CARRIER2-R12,97.900000,-61.520000,90.000000,top
CARRIER2-R13,97.900000,-53.250000,-90.000000,top
CARRIER2-R14,97.900000,-56.480000,-90.000000,top
CARRIER2-R15,92.490000,-52.500000,0.000000,top
CARRIER2-R16,96.345000,-49.935000,90.000000,top
CARRIER2-R17,78.760000,-59.345000,90.000000,top
CARRIER2-R18,78.760000,-65.735000,90.000000,top
CARRIER2-R19,84.500000,-58.880000,0.000000,top
CARRIER2-R2,78.390000,-79.430000,-90.000000,top
CARRIER2-R24,147.165000,-64.380000,180.000000,top
CARRIER2-R25,147.165000,-60.440000,180.000000,top
CARRIER2-R26,67.120000,-51.350000,-90.000000,top
CARRIER2-R28,151.130000,-53.120000,-90.000000,top
CARRIER2-R3,76.650000,-79.430000,-90.000000,top
CARRIER2-R30,147.165000,-66.350000,180.000000,top
CARRIER2-R31,147.940000,-70.470000,-90.000000,top
CARRIER2-R32,149.255000,-57.940000,-90.000000,top
CARRIER2-R4,70.890000,-70.510000,-90.000000,top
CARRIER2-R5,72.915000,-75.115000,-90.000000,top
CARRIER2-R6,73.515000,-71.010000,0.000000,top
CARRIER2-R7,73.515000,-72.590000,0.000000,top
CARRIER2-R8,69.190000,-70.510000,-90.000000,top
CARRIER2-R9,70.017500,-76.885000,0.000000,top
CARRIER2-U1,142.877500,-53.540000,180.000000,top
CARRIER2-U2,94.350000,-59.000000,90.000000,top
CARRIER2-U3,77.612500,-73.680000,-90.000000,top
CARRIER2-U4,82.850000,-61.430000,180.000000,top
CARRIER2-U5,75.740000,-54.682500,180.000000,top
CARRIER3-C1,74.555000,-105.910000,180.000000,top
CARRIER3-C10,78.760000,-99.430000,-90.000000,top
CARRIER3-C11,148.480000,-92.430000,180.000000,top
CARRIER3-C12,147.730000,-90.020000,-90.000000,top
CARRIER3-C13,149.430000,-90.020000,-90.000000,top
CARRIER3-C14,147.940000,-112.695000,-90.000000,top
CARRIER3-C15,80.265000,-91.515000,-90.000000,top
CARRIER3-C16,73.520000,-87.960000,0.000000,top
CARRIER3-C17,147.165000,-104.990000,180.000000,top
CARRIER3-C18,81.400000,-95.780000,0.000000,top
CARRIER3-C2,74.500000,-112.015000,90.000000,top
CARRIER3-C3,88.620000,-98.580000,180.000000,top
CARRIER3-C4,88.620000,-95.320000,180.000000,top
CARRIER3-C5,92.490000,-90.975000,180.000000,top
CARRIER3-C6,95.570000,-89.400000,0.000000,top
CARRIER3-C7,95.570000,-90.975000,0.000000,top
CARRIER3-C8,92.270000,-86.835000,-90.000000,top
CARRIER3-C9,82.471766,-94.123054,0.000000,top
CARRIER3-D1,70.690000,-99.790000,-90.000000,top
CARRIER3-D2,66.372500,-105.980000,0.000000,top
CARRIER3-L1,85.966766,-89.066882,180.000000,top
CARRIER3-L3,69.210000,-91.657500,0.000000,top
CARRIER3-LED1,151.390000,-94.060000,-90.000000,top
CARRIER3-Q1,85.780000,-107.585000,90.000000,top
CARRIER3-Q2,70.017500,-111.010000,90.000000,top
CARRIER3-Q3,70.017500,-116.330000,180.000000,top
CARRIER3-R1,76.030000,-99.377500,-90.000000,top
CARRIER3-R10,72.915000,-116.330000,90.000000,top
CARRIER3-R11,147.165000,-99.310000,180.000000,top
CARRIER3-R12,97.900000,-98.420000,90.000000,top
CARRIER3-R13,97.900000,-90.150000,-90.000000,top
CARRIER3-R14,97.900000,-93.380000,-90.000000,top
CARRIER3-R15,92.490000,-89.400000,0.000000,top
CARRIER3-R16,96.345000,-86.835000,90.000000,top
CARRIER3-R17,78.760000,-96.245000,90.000000,top
CARRIER3-R18,78.760000,-102.635000,90.000000,top
CARRIER3-R19,84.500000,-95.780000,0.000000,top
CARRIER3-R2,78.390000,-116.330000,-90.000000,top
CARRIER3-R24,147.165000,-101.280000,180.000000,top
CARRIER3-R25,147.165000,-97.340000,180.000000,top
CARRIER3-R26,67.120000,-88.250000,-90.000000,top
CARRIER3-R28,151.130000,-90.020000,-90.000000,top
CARRIER3-R3,76.650000,-116.330000,-90.000000,top
CARRIER3-R30,147.165000,-103.250000,180.000000,top
CARRIER3-R31,147.940000,-107.370000,-90.000000,top
CARRIER3-R32,149.255000,-94.840000,-90.000000,top
CARRIER3-R4,70.890000,-107.410000,-90.000000,top
CARRIER3-R5,72.915000,-112.015000,-90.000000,top
CARRIER3-R6,73.515000,-107.910000,0.000000,top
CARRIER3-R7,73.515000,-109.490000,0.000000,top
CARRIER3-R8,69.190000,-107.410000,-90.000000,top
CARRIER3-R9,70.017500,-113.785000,0.000000,top
CARRIER3-U1,142.877500,-90.440000,180.000000,top
CARRIER3-U2,94.350000,-95.900000,90.000000,top
CARRIER3-U3,77.612500,-110.580000,-90.000000,top
CARRIER3-U4,82.850000,-98.330000,180.000000,top
CARRIER3-U5,75.740000,-91.582500,180.000000,top
CARRIER4-C1,74.555000,-142.810000,180.000000,top
CARRIER4-C10,78.760000,-136.330000,-90.000000,top
CARRIER4-C11,148.480000,-129.330000,180.000000,top
CARRIER4-C12,147.730000,-126.920000,-90.000000,top
CARRIER4-C13,149.430000,-126.920000,-90.000000,top
CARRIER4-C14,147.940000,-149.595000,-90.000000,top
CARRIER4-C15,80.265000,-128.415000,-90.000000,top
CARRIER4-C16,73.520000,-124.860000,0.000000,top
CARRIER4-C17,147.165000,-141.890000,180.000000,top
CARRIER4-C18,81.400000,-132.680000,0.000000,top
CARRIER4-C2,74.500000,-148.915000,90.000000,top
CARRIER4-C3,88.620000,-135.480000,180.000000,top
CARRIER4-C4,88.620000,-132.220000,180.000000,top
CARRIER4-C5,92.490000,-127.875000,180.000000,top
CARRIER4-C6,95.570000,-126.300000,0.000000,top
CARRIER4-C7,95.570000,-127.875000,0.000000,top
CARRIER4-C8,92.270000,-123.735000,-90.000000,top
CARRIER4-C9,82.471766,-131.023054,0.000000,top
CARRIER4-D1,70.690000,-136.690000,-90.000000,top
CARRIER4-D2,66.372500,-142.880000,0.000000,top
CARRIER4-L1,85.966766,-125.966882,180.000000,top
CARRIER4-L3,69.210000,-128.557500,0.000000,top
CARRIER4-LED1,151.390000,-130.960000,-90.000000,top
CARRIER4-Q1,85.780000,-144.485000,90.000000,top
CARRIER4-Q2,70.017500,-147.910000,90.000000,top
CARRIER4-Q3,70.017500,-153.230000,180.000000,top
CARRIER4-R1,76.030000,-136.277500,-90.000000,top
CARRIER4-R10,72.915000,-153.230000,90.000000,top
CARRIER4-R11,147.165000,-136.210000,180.000000,top
CARRIER4-R12,97.900000,-135.320000,90.000000,top
CARRIER4-R13,97.900000,-127.050000,-90.000000,top
CARRIER4-R14,97.900000,-130.280000,-90.000000,top
CARRIER4-R15,92.490000,-126.300000,0.000000,top
CARRIER4-R16,96.345000,-123.735000,90.000000,top
CARRIER4-R17,78.760000,-133.145000,90.000000,top
CARRIER4-R18,78.760000,-139.535000,90.000000,top
CARRIER4-R19,84.500000,-132.680000,0.000000,top
CARRIER4-R2,78.390000,-153.230000,-90.000000,top
CARRIER4-R24,147.165000,-138.180000,180.000000,top
CARRIER4-R25,147.165000,-134.240000,180.000000,top
CARRIER4-R26,67.120000,-125.150000,-90.000000,top
CARRIER4-R28,151.130000,-126.920000,-90.000000,top
CARRIER4-R3,76.650000,-153.230000,-90.000000,top
CARRIER4-R30,147.165000,-140.150000,180.000000,top
CARRIER4-R31,147.940000,-144.270000,-90.000000,top
CARRIER4-R32,149.255000,-131.740000,-90.000000,top
CARRIER4-R4,70.890000,-144.310000,-90.000000,top
CARRIER4-R5,72.915000,-148.915000,-90.000000,top
CARRIER4-R6,73.515000,-144.810000,0.000000,top
CARRIER4-R7,73.515000,-146.390000,0.000000,top
CARRIER4-R8,69.190000,-144.310000,-90.000000,top
CARRIER4-R9,70.017500,-150.685000,0.000000,top
CARRIER4-U1,142.877500,-127.340000,180.000000,top
CARRIER4-U2,94.350000,-132.800000,90.000000,top
CARRIER4-U3,77.612500,-147.480000,-90.000000,top
CARRIER4-U4,82.850000,-135.230000,180.000000,top
CARRIER4-U5,75.740000,-128.482500,180.000000,top
CARRIER5-C1,74.555000,-179.710000,180.000000,top
CARRIER5-C10,78.760000,-173.230000,-90.000000,top
CARRIER5-C11,148.480000,-166.230000,180.000000,top
CARRIER5-C12,147.730000,-163.820000,-90.000000,top
CARRIER5-C13,149.430000,-163.820000,-90.000000,top
CARRIER5-C14,147.940000,-186.495000,-90.000000,top
CARRIER5-C15,80.265000,-165.315000,-90.000000,top
CARRIER5-C16,73.520000,-161.760000,0.000000,top
CARRIER5-C17,147.165000,-178.790000,180.000000,top
CARRIER5-C18,81.400000,-169.580000,0.000000,top
CARRIER5-C2,74.500000,-185.815000,90.000000,top
CARRIER5-C3,88.620000,-172.380000,180.000000,top
CARRIER5-C4,88.620000,-169.120000,180.000000,top
CARRIER5-C5,92.490000,-164.775000,180.000000,top
CARRIER5-C6,95.570000,-163.200000,0.000000,top
CARRIER5-C7,95.570000,-164.775000,0.000000,top
CARRIER5-C8,92.270000,-160.635000,-90.000000,top
CARRIER5-C9,82.471766,-167.923054,0.000000,top
CARRIER5-D1,70.690000,-173.590000,-90.000000,top
CARRIER5-D2,66.372500,-179.780000,0.000000,top
CARRIER5-L1,85.966766,-162.866882,180.000000,top
CARRIER5-L3,69.210000,-165.457500,0.000000,top
CARRIER5-LED1,151.390000,-167.860000,-90.000000,top
CARRIER5-Q1,85.780000,-181.385000,90.000000,top
CARRIER5-Q2,70.017500,-184.810000,90.000000,top
CARRIER5-Q3,70.017500,-190.130000,180.000000,top
CARRIER5-R1,76.030000,-173.177500,-90.000000,top
CARRIER5-R10,72.915000,-190.130000,90.000000,top
CARRIER5-R11,147.165000,-173.110000,180.000000,top
CARRIER5-R12,97.900000,-172.220000,90.000000,top
CARRIER5-R13,97.900000,-163.950000,-90.000000,top
CARRIER5-R14,97.900000,-167.180000,-90.000000,top
CARRIER5-R15,92.490000,-163.200000,0.000000,top
CARRIER5-R16,96.345000,-160.635000,90.000000,top
CARRIER5-R17,78.760000,-170.045000,90.000000,top
CARRIER5-R18,78.760000,-176.435000,90.000000,top
CARRIER5-R19,84.500000,-169.580000,0.000000,top
CARRIER5-R2,78.390000,-190.130000,-90.000000,top
CARRIER5-R24,147.165000,-175.080000,180.000000,top
CARRIER5-R25,147.165000,-171.140000,180.000000,top
CARRIER5-R26,67.120000,-162.050000,-90.000000,top
CARRIER5-R28,151.130000,-163.820000,-90.000000,top
CARRIER5-R3,76.650000,-190.130000,-90.000000,top
CARRIER5-R30,147.165000,-177.050000,180.000000,top
CARRIER5-R31,147.940000,-181.170000,-90.000000,top
CARRIER5-R32,149.255000,-168.640000,-90.000000,top
CARRIER5-R4,70.890000,-181.210000,-90.000000,top
CARRIER5-R5,72.915000,-185.815000,-90.000000,top
CARRIER5-R6,73.515000,-181.710000,0.000000,top
CARRIER5-R7,73.515000,-183.290000,0.000000,top
CARRIER5-R8,69.190000,-181.210000,-90.000000,top
CARRIER5-R9,70.017500,-187.585000,0.000000,top
CARRIER5-U1,142.877500,-164.240000,180.000000,top
CARRIER5-U2,94.350000,-169.700000,90.000000,top
CARRIER5-U3,77.612500,-184.380000,-90.000000,top
CARRIER5-U4,82.850000,-172.130000,180.000000,top
CARRIER5-U5,75.740000,-165.382500,180.000000,top
CARRIER6-C1,74.555000,-216.610000,180.000000,top
CARRIER6-C10,78.760000,-210.130000,-90.000000,top
CARRIER6-C11,148.480000,-203.130000,180.000000,top
CARRIER6-C12,147.730000,-200.720000,-90.000000,top
CARRIER6-C13,149.430000,-200.720000,-90.000000,top
CARRIER6-C14,147.940000,-223.395000,-90.000000,top
CARRIER6-C15,80.265000,-202.215000,-90.000000,top
CARRIER6-C16,73.520000,-198.660000,0.000000,top
CARRIER6-C17,147.165000,-215.690000,180.000000,top
CARRIER6-C18,81.400000,-206.480000,0.000000,top
CARRIER6-C2,74.500000,-222.715000,90.000000,top
CARRIER6-C3,88.620000,-209.280000,180.000000,top
CARRIER6-C4,88.620000,-206.020000,180.000000,top
CARRIER6-C5,92.490000,-201.675000,180.000000,top
CARRIER6-C6,95.570000,-200.100000,0.000000,top
CARRIER6-C7,95.570000,-201.675000,0.000000,top
CARRIER6-C8,92.270000,-197.535000,-90.000000,top
CARRIER6-C9,82.471766,-204.823054,0.000000,top
CARRIER6-D1,70.690000,-210.490000,-90.000000,top
CARRIER6-D2,66.372500,-216.680000,0.000000,top
CARRIER6-L1,85.966766,-199.766882,180.000000,top
CARRIER6-L3,69.210000,-202.357500,0.000000,top
CARRIER6-LED1,151.390000,-204.760000,-90.000000,top
CARRIER6-Q1,85.780000,-218.285000,90.000000,top
CARRIER6-Q2,70.017500,-221.710000,90.000000,top
CARRIER6-Q3,70.017500,-227.030000,180.000000,top
CARRIER6-R1,76.030000,-210.077500,-90.000000,top
CARRIER6-R10,72.915000,-227.030000,90.000000,top
CARRIER6-R11,147.165000,-210.010000,180.000000,top
CARRIER6-R12,97.900000,-209.120000,90.000000,top
CARRIER6-R13,97.900000,-200.850000,-90.000000,top
CARRIER6-R14,97.900000,-204.080000,-90.000000,top
CARRIER6-R15,92.490000,-200.100000,0.000000,top
CARRIER6-R16,96.345000,-197.535000,90.000000,top
CARRIER6-R17,78.760000,-206.945000,90.000000,top
CARRIER6-R18,78.760000,-213.335000,90.000000,top
CARRIER6-R19,84.500000,-206.480000,0.000000,top
CARRIER6-R2,78.390000,-227.030000,-90.000000,top
CARRIER6-R24,147.165000,-211.980000,180.000000,top
CARRIER6-R25,147.165000,-208.040000,180.000000,top
CARRIER6-R26,67.120000,-198.950000,-90.000000,top
CARRIER6-R28,151.130000,-200.720000,-90.000000,top
CARRIER6-R3,76.650000,-227.030000,-90.000000,top
CARRIER6-R30,147.165000,-213.950000,180.000000,top
CARRIER6-R31,147.940000,-218.070000,-90.000000,top
CARRIER6-R32,149.255000,-205.540000,-90.000000,top
CARRIER6-R4,70.890000,-218.110000,-90.000000,top
CARRIER6-R5,72.915000,-222.715000,-90.000000,top
CARRIER6-R6,73.515000,-218.610000,0.000000,top
CARRIER6-R7,73.515000,-220.190000,0.000000,top
CARRIER6-R8,69.190000,-218.110000,-90.000000,top
CARRIER6-R9,70.017500,-224.485000,0.000000,top
CARRIER6-U1,142.877500,-201.140000,180.000000,top
CARRIER6-U2,94.350000,-206.600000,90.000000,top
CARRIER6-U3,77.612500,-221.280000,-90.000000,top
CARRIER6-U4,82.850000,-209.030000,180.000000,top
CARRIER6-U5,75.740000,-202.282500,180.000000,top
